,id,sex,weight,height,BMI
0,1,M,190,77,0.0021329639889196674
1,2,F,120,70,0.004861111111111111
2,3,F,110,68,0.005619834710743801
3,4,M,150,72,0.0032
4,5,O,120,66,0.004583333333333333
5,6,M,120,60,0.004166666666666667
6,7,F,140,70,0.0035714285714285713
